restaurant;type;cousine
100 Montaditos;restaurant;spanish
180° @ The DRB;pub;-
3 Chefs And A Chicken;restaurant;takeout
A-Mari-Mix Fresh Mex Fusion;restaurant;mexican
AD Barnes Park;park;-
Ali’s Sweet Treats;bakery;-
Andiamo;restaurant;pizza
Angelina’s Coffee & Juice;coffee;-
Antigua Guatemala Restaurante;restaurant;guatemalan
Aoki Teppanyaki;restaurant;japanese
Arbetter’s Hot Dogs;restaurant;hot_dog
Asia Grocery;grocery;-
Asian Thai Kitchen;restaurant;thai
Asian Thai Kitchen 2;restaurant;thai
Atelier Monnier;bakery;-
Azul Restaurant;restaurant;mediterranean
Bajareque Cafeteria Restaurant;restaurant;puerto_rican
Bali Café;restaurant;indonesian
Ball & Chain;bar;live_music
Bangkok City Thai & Seafood Restaurant;restaurant;thai
BarMeli;restaurant;greek
Batch Gastropub;restaurant;american
Beaudevin;bar;-
Beehive Juice Bar;restaurant;-
Benny’s Seafood Restaurant;restaurant;seafood
Berries in the Grove;restaurant;-
Best Sub & Sandwich Shop;sandwich;-
Bianco Gelato;ice_cream;-
Bin No. 18;bar;-
Blackbird Ordinary;bar;-
Blanche Park;park;-
Blue Collar;restaurant;american
Bocaito Spanish Cuisine;restaurant;spanish
Bocce;restaurant;italian
Bonding;restaurant;thai
BrewskiS South Miami;bar;-
Brick House;night_club;-
Brickell Key Park;park;-
Bryan In The Kitchen;restaurant;-
Buena Vista Bistro;restaurant;french
Buena Vista Deli;restaurant;french
Bunbury;restaurant;argentinian
Bunnie Cakes;cake;-
Buns & Buns;restaurant;american
Burger & Beer Joint;hamburger;-
CVI.CHE 105;restaurant;peruvian
Cafe Bistro;restaurant;-
Cafe Versailles;restaurant;cuban
Cafeina Wynwood Lounge;event_venue;-
Café Bastille;restaurant;brunch
Canton Palace Chinese Restaurant;restaurant;chinese
Cardon y el Tirano;bar;tapas
Caribe Cafe Restaurant;restaurant;cuban
Carne Asada Tortilleria Nicas;restaurant;nicaraguan
Carrabba’s;restaurant;italian
Casa Juan Restaurant;restaurant;cuban
Casa Juancho Spanish Restaurant;restaurant;spanish
Casabe 305 Bistro;restaurant;venezuelan
Casola’s Pizzeria & Sub Shop;restaurant;pizza
Cerro Negro;restaurant;nicaraguan
Chayito’s Fritanga;restaurant;nicaraguan
China Express;restaurant;chinese
China Steak House 3;restaurant;chinese
Chinese Guy;restaurant;chinese
Chipotle Mexican Grill;restaurant;mexican
Choices Kitchen;restaurant;vegan
Chuck Wagon Restaurant;restaurant;american
Churchill’s;pub;-
CinéBistro;restaurant;chinese
City Hall Restaurant;restaurant;-
Coco Baleadas;restaurant;-
Coconut Grove Saturday Organic Market;market;farmers
CraveClean;bakery;-
Crazy About You;restaurant;american
Crumb on Parchment;bakery;-
DB Bistro Moderne;restaurant;french
Daily Bread Marketplace;restaurant;middle_eastern
Delices De France;restaurant;french
Delicias de España;restaurant;spanish
Delirio Fresh Co.;restaurant;-
Dim Ssäm à gogo;restaurant;-
Doggi’s Venezuelan Cuisine;restaurant;venezuelan
Don Burrito;restaurant;mexican
Duffy’s Tavern;restaurant;-
D’oro Caffe & Market;restaurant;italian
Earls Kitchen + Bar;restaurant;-
East Thai & Noodle House;restaurant;thai
Edge Steak & Bar;brasserie;-
El Atlakat;restaurant;salvadoran
El Atlakat Restaurant;restaurant;salvadoran
El Brazo Fuerte Bakery;bakery;-
El Carajo International Tapas & Wine;restaurant;spanish
El Chalán;restaurant;peruvian
El Cristo Restaurant & Catering;restaurant;cuban
El Exquisito Restaurant;restaurant;cuban
El Floridita Seafood Restaurant;restaurant;seafood
El Novillo Restaurant;restaurant;nicaraguan
El Nuevo Siglo Supermarket;market;-
El Palacio De Los Jugos;restaurant;cuban
El Palacio de los Jugos;restaurant;cuban
El Rancho Grande Mexican Restaurant Kendall;restaurant;mexican
El Rey De Las Fritas;restaurant;cuban
El Rincon Asturiano;restaurant;asturian
El Rinconcito Latino;restaurant;cuban
El Taquito;restaurant;mexican
El Toro Loco Churrascaria;restaurant;brazilian
Embarcadero 41 Fusion;restaurant;seafood
Eternity Coffee Roasters;coffee;-
Fabulous Ice Cream & Cafe;ice_cream;-
Fado Irish Pub & Restaurant;pub;-
Fiorito;restaurant;argentinian
Five Guys Burgers and Fries;hamburger;-
Flanigan’s Seafood Bar & Grill;restaurant;seafood
Fooq’s;restaurant;italian
Frankie’s Pizza;restaurant;pizza
Fratelli Milano;restaurant;italian
Fresco California Bistro;restaurant;-
Fritanga Cana Brava;restaurant;nicaraguan
Fuddruckers;hamburger;-
GRILLIT;restaurant;-
Giardino Gourmet Salads;salad;-
Gigi;restaurant;asian
Gourmet Gourmet;restaurant;chinese
Gramps;bar;-
Graziano’s Restaurant;restaurant;argentinian
Gyroville;restaurant;mediterranean
Gyu-Kaku Japanese BBQ;restaurant;japanese
Hannya;restaurant;japanese
Happy Wine in The Grove;bar;wine
Harry’s Pizzeria;restaurant;pizza
Hereford Grill;steak_house;-
Hoy Como Ayer;restaurant;-
Hungry Bear Sub Shop;sandwich;-
Hy-Vong Vietnamese Cuisine;restaurant;vietnamese
Il Bambino Ristorante;restaurant;italian
Il Gabbiano;restaurant;italian
Islas Canarias Restaurant;restaurant;spanish
Jacalito Taqueria Mexicana;restaurant;mexican
Jaguar Ceviche Spoon Bar;restaurant;-
Jamaica Kitchen;restaurant;jamaican
Jamon Iberico Pata Negra Restaurant Tapas & Wine Bar;restaurant;spanish
Jardim de Portugal;restaurant;portuguese
Jimmy’z Kitchen Pinecrest;restaurant;latin_american
Jimmy’z Kitchen Wynwood;restaurant;latin_american
Joanna’s Marketplace;bakery;-
Kam Wah Restaurant;restaurant;-
Karla Bakery;bakery;-
Kon Chau Restaurant;restaurant;chinese
Ku-Va;restaurant;cuban
Kush;bar;-
La Cabana Paisa Grill;restaurant;colombian
La Carreta;restaurant;cuban
La Carreta Restaurant;restaurant;cuban
La Crepe Bistro;restaurant;french
La Gamba Restaurant;bar;tapas
La Mar by Gastón Acurio;restaurant;south_american
La Moon Restaurant;restaurant;colombian
La Nonna Italian Restaurant;restaurant;italian
La Patagonia Argentina;restaurant;argentinian
La Rosa;restaurant;cuban
La Sandwicherie Brickell;sandwich;-
La Suiza Bakery;bakery;-
Lagniappe;bar;-
Lan Pan Asian Cafe;restaurant;asian
Latin American Bakery & Cafe;restaurant;cuban
Latin Cafe 2000;restaurant;cuban
Latin House;restaurant;-
Latinlite by Fat Busters;restaurant;health_food
Lekoke Wines & Bites;bar;tapas
Lemoni Café;restaurant;-
Leo’s Pizza;restaurant;pizza
Lime Fresh Mexican Grill;restaurant;mexican
Little Bread;restaurant;-
LoKal;hamburger;-
Lola’s Gourmet;restaurant;spanish
Los Gallegos Restaurant;restaurant;-
Los Magueyes;restaurant;mexican
Lotus Garden;restaurant;thai
Luis Galindo’s Latin American;restaurant;latin_american
Lulu in the Grove;restaurant;-
MAO Colombian Fast Food;restaurant;colombian
Madrid Restaurant Tapas Y Vinos;restaurant;spanish
Madrono Restaurant;restaurant;-
Mandolin Aegean Bistro;restaurant;greek
Maria’s Greek Restaurant;restaurant;greek
Marlins Park;park;-
Maximo Gomez Park / Domino Park;park;-
Mi Rinconcito Mexicano;restaurant;mexican
Michael’s Genuine Food & Drink;restaurant;american
Midtown Oyster Bar;restaurant;-
Mignonette;restaurant;seafood
Moe’z Express;sandwich;-
Morgan’s Restaurant;restaurant;cuban
Morro Castle;sandwich;-
Moulin Rose Cake & Bakery Shop;bakery;-
Moye;restaurant;italian
Mr. Yum;restaurant;asian
Ms. Cheezious Fresh Made Grilled Cheese - Food Truck;restaurant;-
Ms. Cheezious Restaurant;restaurant;-
My Ceviche;restaurant;seafood
NAOE;restaurant;japanese
NIU Kitchen;restaurant;tapas
NOA Cafe;restaurant;-
Neighborhood Bistro;restaurant;american
Ni.Do. Caffe;restaurant;italian
Nikko By Sunshine;restaurant;thai
Norman Produce;market;-
Off The Grille Kendall;restaurant;-
Old Lisbon Restaurants - Coral Way;restaurant;portuguese
Oriental Bakery & Grocery Co;restaurant;middle_eastern
Osteria Vecchio Piemonte;restaurant;italian
PDQ Miami: Flagler Street;restaurant;chicken
PM Fish & Steak House;steak_house;-
Palatino Jamaican Restaurant;restaurant;jamaican
Panther Coffee;coffee;-
Papo Llega Y Pon;restaurant;puerto_rican
Paseo Catracho;restaurant;honduran
Pauloluigi To Go;restaurant;pizza
Peacock Garden Cafe;restaurant;american
Pekin Restaurant;restaurant;chinese
Perricone’s Marketplace & Cafe;restaurant;-
Pinolandia;restaurant;nicaraguan
Pizza Johny’s;restaurant;pizza
Pizzarium - A Slice of Rome;restaurant;pizza
Plate;restaurant;health_food
Pollos Y Jarras;restaurant;peruvian
Power Pizza;restaurant;pizza
Prohibition Restaurant and Speakeasy;restaurant;american
Proof Pizza & Pasta;restaurant;pizza
Pueblito Viejo No 2;restaurant;colombian
ROK BRGR burger bar + gastropub;hamburger;-
Raw South Juice Co.;juice;-
Rice House of Kabob;restaurant;mediterranean
Rincon Antioqueno Restaurant;restaurant;-
Rincon Criollo Restaurant;restaurant;cuban
Rincon Escondido Tapas;restaurant;spanish
Roasters’ n Toasters;sandwich;-
Romeo’s Cafe;coffee;-
Royal Thai Restaurant;restaurant;thai
Sakura Sushi & Bar;restaurant;japanese
Salsa Fiesta;restaurant;mexican
Salumeria 104;restaurant;italian
Salvatore D Finest Italian Cuisine;restaurant;italian
San Pocho;restaurant;colombian
Sarussi Cafeteria;restaurant;cuban
Scully’s Tavern;pub;-
Secreto Restaurant;restaurant;-
Sedici Café Grill;coffee;-
Sergio’s;restaurant;cuban
Shaddai Fine Lebanese Cuisine;restaurant;lebanese
Shinju Japanese Buffet;restaurant;japanese
Shokudo;restaurant;japanese
Shorty’s Bar-B-Q;steak_house;-
Siam Bistro;restaurant;thai
Siam Palace;restaurant;thai
Smart Bites Cafe;restaurant;-
Smoothie Spot;restaurant;health_food
Soya e Pomodoro;restaurant;italian
Sparky’s Roadside Barbecue;steak_house;-
Spice N Curry;market;indian
Splitsville;restaurant;-
Sports Grill Sunset;bar;-
Stanzione 87;restaurant;pizza
Starbucks;coffee;-
Steak Brasil Churrascaria;steak_house;-
Stoupsy’s of Athens;restaurant;greek
Strada In The Grove;restaurant;italian
SuViche;restaurant;asian
Subs on the Run;sandwich;-
Sugarcane Raw Bar Grill;steak_house;-
Super Subs;restaurant;pizza
Sushi 2 Mee Cafe;restaurant;japanese
Sushi Cafe & Shilla Korean BBQ;restaurant;korean
Sushi Ko;restaurant;japanese
Suviche;restaurant;asian
Sweat Records;coffee;-
Sweet Dogs;restaurant;hot_dog
Taco Rico Tex Mex Cafe;restaurant;mexican
Tacos and Tattoos;restaurant;tacos
Tamarina;restaurant;italian
Tani Thai Restaurant;restaurant;thai
Taqueria El Carnal;restaurant;mexican
Taqueria Viva México;restaurant;mexican
Taquerias El Mexicano;restaurant;mexican
Taurus;bar;-
Ten Fruits;juice;-
Texas Roadhouse;steak_house;-
Texas de Brazil;steak_house;-
The Barnacle Historic State Park;park;-
The Big Cheese Of Miami;restaurant;pizza
The Big Tomato;restaurant;pizza
The Bookstore In the Grove;coffee;-
The Capital Grille;restaurant;fine_dining
The Cheese Course;bistro;-
The Cheesecake Factory;restaurant;-
The Corner;bar;-
The Fish House;restaurant;seafood
The Last Carrot;restaurant;health_food
The Middle East Best Food;grocery;gourmet
The Mighty;restaurant;-
The Original Crab House;restaurant;seafood
The River Seafood & Oyster Bar;restaurant;seafood
The Sushi Bar;restaurant;japanese
Tinta y Café;coffee;-
Toasted Bagelry & Deli;bagel;-
Tokyo Blue Miami;restaurant;japanese
Toro Toro Restaurant;restaurant;-
Toscana Divino;restaurant;italian
Town Kitchen & Bar;bar;-
Tropical Chinese Restaurant;restaurant;chinese
Tropical Park;park;-
Truluck’s;restaurant;seafood
Tuto’s Place;restaurant;cuban
Tutto Pasta;restaurant;italian
Tutto Pizza Beer House;restaurant;pizza
VERO Italian;restaurant;italian
Vapiano;restaurant;italian
Vegan & Juice;restaurant;vegan
Versailles Restaurant;restaurant;cuban
Vinos In the Grove;bar;wine
Vintage Liquor & Wine Bar;bar;wine
Vizcaya Museum and Gardens;museum;art
WHISK Gourmet Food & Catering;restaurant;american
Wolfgang’s Steakhouse;steak_house;-
Wood Tavern;bar;-
World of Beer;restaurant;american
Wynwood Kitchen & Bar;restaurant;-
Xixón Spanish Restaurant;restaurant;spanish
YUZU Frozen Yogurt and Crêpes;yogurt;-
Yambo Restaurant;restaurant;nicaraguan
Zuma;restaurant;japanese
eCafé;coffee;-
specialTEA Lounge;coffee;-
